エリア,グループ名,発電所名,ユニット名,発電方式,凡例のユニット名,認可出力(万kW)
HOKKAIDO,北海道電力 泊,泊発電所,１号機,NUCLEAR,1号機,57.9
HOKKAIDO,北海道電力 泊,泊発電所,２号機,NUCLEAR,2号機,57.9
HOKKAIDO,北海道電力 泊,泊発電所,３号機,NUCLEAR,3号機,91.2
HOKKAIDO,北海道電力 石狩湾新港,石狩湾新港発電所,１号機,MACC2,1号機,56.94
HOKKAIDO,北海道電力 苫東厚真,苫東厚真発電所,１号機,SUB_C,1号機,35.0
HOKKAIDO,北海道電力 苫東厚真,苫東厚真発電所,２号機,SC,2号機,60.0
HOKKAIDO,北海道電力 苫東厚真,苫東厚真発電所,４号機,USC,4号機,70.0
HOKKAIDO,北海道電力 砂川,砂川発電所,３号機,SUB_C,3号機,12.5
HOKKAIDO,北海道電力 砂川,砂川発電所,４号機,SUB_C,4号機,12.5
HOKKAIDO,北海道電力 奈井江,奈井江発電所,１号機,SUB_C,1号機,17.5
HOKKAIDO,北海道電力 奈井江,奈井江発電所,２号機,SUB_C,2号機,17.5
HOKKAIDO,北海道電力 苫小牧,苫小牧発電所,単独,OIL,,25.0
HOKKAIDO,北海道PE 苫小牧共同火力,北海道ﾊﾟﾜｰｴﾝｼﾞﾆｱﾘﾝｸﾞ株式会社　苫小牧共同火力発電所3G,単独,OIL,5号機,25.0
HOKKAIDO,北海道電力 知内,知内発電所,１号機,OIL,1号機,35.0
HOKKAIDO,北海道電力 知内,知内発電所,２号機,OIL,2号機,35.0
HOKKAIDO,日本製鉄 室蘭中央,日本製鉄（株）室蘭中央発電所 第5号発電設備,室蘭中央5号,SUB_C,5号機,10.0
HOKKAIDO,釧路火力発電所(株) 釧路火力,釧路火力発電所,1,OTHER,,11.2
HOKKAIDO,北海道電力 伊達,伊達発電所,１号機,OIL,1号機,35.0
HOKKAIDO,北海道電力 伊達,伊達発電所,２号機,OIL,2号機,35.0
HOKKAIDO,北海道電力 京極,京極発電所,１号機,PUMPED,1号機,20.0
HOKKAIDO,北海道電力 京極,京極発電所,２号機,PUMPED,2号機,20.0
HOKKAIDO,北海道電力 新冠,新冠発電所,１号機,HYBRID_PUMPED,1号機,10.0
HOKKAIDO,北海道電力 新冠,新冠発電所,２号機,HYBRID_PUMPED,2号機,10.0
HOKKAIDO,北海道電力 高見,高見発電所,１号機,HYBRID_PUMPED,1号機,10.0
HOKKAIDO,北海道電力 高見,高見発電所,２号機,HYBRID_PUMPED,2号機,14.0
TOHOKU,東北電力 女川原子力,女川原子力発電所,女川原子力発電所2号機,NUCLEAR,2号機,82.5
TOHOKU,東北電力 女川原子力,女川原子力発電所,女川原子力発電所3号機,NUCLEAR,3号機,82.5
TOHOKU,東北電力 東通原子力,東通原子力発電所,東通原子力発電所1号機,NUCLEAR,1号機,110.0
TOHOKU,東北電力 東新潟火力,東北電力東新潟火力発電所１号機,１号機,OTHER,1号機,60.0
TOHOKU,東北電力 東新潟火力,東北電力東新潟火力発電所２号機,２号機,OTHER,2号機,60.0
TOHOKU,東北電力 東新潟火力,東北電力東新潟火力発電所３号系列,３-１号系列,CC,3-1号系列,60.5
TOHOKU,東北電力 東新潟火力,東北電力東新潟火力発電所３号系列,３-２号系列,CC,3-2号系列,60.5
TOHOKU,東北電力 東新潟火力,東北電力東新潟火力発電所４号系列,４-１号系列,MACC,4-1号系列,82.6
TOHOKU,東北電力 東新潟火力,東北電力東新潟火力発電所４号系列,４-２号系列,MACC,4-2号系列,87.4
TOHOKU,東北電力 新仙台火力,東北電力新仙台火力発電所３号系列,３-１号機,MACC,3-1号機,52.3
TOHOKU,東北電力 新仙台火力,東北電力新仙台火力発電所３号系列,３-２号機,MACC,3-2号機,52.3
TOHOKU,東北電力 上越火力,東北電力上越火力発電所１号機,１号機,MACC2,1号機,57.2
TOHOKU,東北電力 仙台火力,東北電力仙台火力発電所４号機,４号機,ACC,4号機,46.8
TOHOKU,東北電力 八戸火力,東北電力八戸火力発電所５号機,５号機,ACC,5号機,41.6
TOHOKU,福島天然ガス発電(株) 福島天然ガス,福島天然ガス発電所,1号機,MACC2,1号機,59.0
TOHOKU,福島天然ガス発電(株) 福島天然ガス,福島天然ガス発電所,2号機,MACC2,2号機,59.0
TOHOKU,東北電力 原町火力,東北電力原町火力発電所１号機,１号機,USC,1号機,100.0
TOHOKU,東北電力 原町火力,東北電力原町火力発電所２号機,２号機,USC,2号機,100.0
TOHOKU,東北電力 能代火力,東北電力能代火力発電所１号機,１号機,SC,1号機,60.0
TOHOKU,東北電力 能代火力,東北電力能代火力発電所２号機,２号機,USC,2号機,60.0
TOHOKU,東北電力 能代火力,東北電力能代火力発電所３号機,３号機,USC,3号機,60.0
TOHOKU,相馬共同火力発電(株) 新地火力,相馬共同火力発電株式会社新地火力発電所,新地1号機,SC,1号機,100.0
TOHOKU,相馬共同火力発電(株) 新地火力,相馬共同火力発電株式会社新地火力発電所,新地2号機,SC,2号機,100.0
TOHOKU,常磐共同火力 勿来,勿来発電所,勿来7号機,SUB_C,7号機,25.0
TOHOKU,常磐共同火力 勿来,勿来発電所,勿来8号機（東北系）,SC,8号機,60.0
TOHOKU,常磐共同火力 勿来,勿来発電所,勿来9号機（東北系）,SC,9号機,60.0
TOHOKU,酒田共同火力(株) 酒田共同火力,酒田共同火力発電所,１号機,SUB_C,１号機,35.0
TOHOKU,酒田共同火力(株) 酒田共同火力,酒田共同火力発電所,２号機,SUB_C,２号機,35.0
TOHOKU,東北電力 秋田火力,東北電力秋田火力発電所４号機,４号機,OIL,4号機,60.0
TOHOKU,日本製紙 石巻雲雀野,石巻雲雀野発電所,1号機,SUB_C,1号機,14.9
TOHOKU,糸魚川発電(株) 糸魚川,糸魚川発電所,単独,SUB_C,,14.9
TOHOKU,日本製鉄 釜石火力,日本製鉄(株) 釜石火力発電所,釜石火力発電所,SUB_C,,13.6
TOHOKU,エイブルエナジー合同会社 福島いわきバイオマス,福島いわきバイオマス発電所,1,OTHER,,11.2
TOHOKU,相馬エネルギーパーク 相馬石炭・バイオマス,相馬石炭・バイオマス発電所,単独,SUB_C,,11.2
TOHOKU,仙台パワーステーション(株) 仙台パワーステーション,仙台パワーステーション,単独,SUB_C,,11.2
TOHOKU,電源開発 奥只見,電源開発奥只見発電所,1号機,HYDRO,1号機,12.0
TOHOKU,電源開発 奥只見,電源開発奥只見発電所,2号機,HYDRO,2号機,12.0
TOHOKU,電源開発 奥只見,電源開発奥只見発電所,3号機,HYDRO,3号機,12.0
TOHOKU,電源開発 奥只見,電源開発奥只見発電所,4号機,HYDRO,4号機,20.0
TOHOKU,電源開発 田子倉,電源開発田子倉発電所(東北),1号機,HYDRO,1号機,10.0
TOHOKU,電源開発 田子倉,電源開発田子倉発電所(東北),2号機,HYDRO,2号機,10.0
TOHOKU,電源開発 田子倉,電源開発田子倉発電所(東北),3号機,HYDRO,3号機,10.0
TOHOKU,電源開発 田子倉,電源開発田子倉発電所(東北),4号機,HYDRO,4号機,10.0
TOHOKU,電源開発 奥清津,電源開発奥清津発電所,1号機,PUMPED,1号機,25.0
TOHOKU,電源開発 奥清津,電源開発奥清津発電所,2号機,PUMPED,2号機,25.0
TOHOKU,電源開発 奥清津,電源開発奥清津発電所,3号機,PUMPED,3号機,25.0
TOHOKU,電源開発 奥清津,電源開発奥清津発電所,4号機,PUMPED,4号機,25.0
TOHOKU,電源開発 奥清津,電源開発奥清津第二発電所,1号機,PUMPED,第二1号機,30.0
TOHOKU,電源開発 奥清津,電源開発奥清津第二発電所,2号機,PUMPED,第二2号機,30.0
TOHOKU,電源開発 下郷,電源開発下郷発電所,1号機,PUMPED,1号機,25.0
TOHOKU,電源開発 下郷,電源開発下郷発電所,2号機,PUMPED,2号機,25.0
TOHOKU,電源開発 下郷,電源開発下郷発電所,3号機,PUMPED,3号機,25.0
TOHOKU,電源開発 下郷,電源開発下郷発電所,4号機,PUMPED,4号機,25.0
TOHOKU,東北電力 第二沼沢,第二沼沢発電所,１号機,PUMPED,1号機,23.0
TOHOKU,東北電力 第二沼沢,第二沼沢発電所,２号機,PUMPED,2号機,23.0
TOKYO,東京電力HD 東京柏崎刈羽,東京柏崎刈羽,柏崎刈羽1号機,NUCLEAR,1号機,110.0
TOKYO,東京電力HD 東京柏崎刈羽,東京柏崎刈羽,柏崎刈羽2号機,NUCLEAR,2号機,110.0
TOKYO,東京電力HD 東京柏崎刈羽,東京柏崎刈羽,柏崎刈羽3号機,NUCLEAR,3号機,110.0
TOKYO,東京電力HD 東京柏崎刈羽,東京柏崎刈羽,柏崎刈羽4号機,NUCLEAR,4号機,110.0
TOKYO,東京電力HD 東京柏崎刈羽,東京柏崎刈羽,柏崎刈羽5号機,NUCLEAR,5号機,110.0
TOKYO,東京電力HD 東京柏崎刈羽,東京柏崎刈羽,柏崎刈羽6号機,NUCLEAR,6号機,135.6
TOKYO,東京電力HD 東京柏崎刈羽,東京柏崎刈羽,柏崎刈羽7号機,NUCLEAR,7号機,135.6
TOKYO,日本原子力発電 東海第二,東海第二発電所,単独,NUCLEAR,,110.0
TOKYO,JERA 川崎火力,川崎火力発電所１号系列１軸,川崎１ー１軸,MACC,1-1軸,50.0
TOKYO,JERA 川崎火力,川崎火力発電所１号系列２軸,川崎１ー２軸,MACC,1-2軸,50.0
TOKYO,JERA 川崎火力,川崎火力発電所１号系列３軸,川崎１ー３軸,MACC,1-3軸,50.0
TOKYO,JERA 川崎火力,川崎火力発電所２号系列１軸,川崎２ー１軸,MACC,2-1軸,50.0
TOKYO,JERA 川崎火力,川崎火力発電所２号系列２軸,川崎２ー２軸,MACC2,2-2軸,71.0
TOKYO,JERA 川崎火力,川崎火力発電所２号系列３軸,川崎２ー３軸,MACC2,2-3軸,71.0
TOKYO,JERA 姉崎火力,姉崎火力発電所新１号機,姉崎新1号,MACC2,新1号機,64.69
TOKYO,JERA 姉崎火力,姉崎火力発電所新２号機,姉崎新2号,MACC2,新2号機,64.69
TOKYO,JERA 姉崎火力,姉崎火力発電所新３号機,姉崎新3号,MACC2,新3号機,64.69
TOKYO,JERA 姉崎火力,姉崎火力発電所５号機,姉崎５号,LNG,5号機,60.0
TOKYO,JERA 姉崎火力,姉崎火力発電所６号機,姉崎６号,LNG,6号機,60.0
TOKYO,JERA 富津火力1号系列,富津火力発電所１号系列１軸,富津１ー１軸,CC,1-1軸,16.7
TOKYO,JERA 富津火力1号系列,富津火力発電所１号系列２軸,富津１ー２軸,CC,1-2軸,16.7
TOKYO,JERA 富津火力1号系列,富津火力発電所１号系列３軸,富津１ー３軸,CC,1-3軸,16.7
TOKYO,JERA 富津火力1号系列,富津火力発電所１号系列４軸,富津１ー４軸,CC,1-4軸,16.7
TOKYO,JERA 富津火力1号系列,富津火力発電所１号系列５軸,富津１ー５軸,CC,1-5軸,16.7
TOKYO,JERA 富津火力1号系列,富津火力発電所１号系列６軸,富津１ー６軸,CC,1-6軸,16.7
TOKYO,JERA 富津火力1号系列,富津火力発電所１号系列７軸,富津１ー７軸,CC,1-7軸,16.5
TOKYO,JERA 富津火力2号系列,富津火力発電所２号系列１軸,富津２ー１軸,ACC,2-1軸,16.2
TOKYO,JERA 富津火力2号系列,富津火力発電所２号系列２軸,富津２ー２軸,ACC,2-2軸,16.2
TOKYO,JERA 富津火力2号系列,富津火力発電所２号系列３軸,富津２ー３軸,ACC,2-3軸,16.2
TOKYO,JERA 富津火力2号系列,富津火力発電所２号系列４軸,富津２ー４軸,ACC,2-4軸,16.2
TOKYO,JERA 富津火力2号系列,富津火力発電所２号系列５軸,富津２ー５軸,ACC,2-5軸,16.2
TOKYO,JERA 富津火力2号系列,富津火力発電所２号系列６軸,富津２ー６軸,ACC,2-6軸,16.2
TOKYO,JERA 富津火力2号系列,富津火力発電所２号系列７軸,富津２ー７軸,ACC,2-7軸,16.2
TOKYO,JERA 富津火力3号系列4号系列,富津火力発電所３号系列１軸,富津３ー１軸,ACC,3-1軸,38.0
TOKYO,JERA 富津火力3号系列4号系列,富津火力発電所３号系列２軸,富津３ー２軸,ACC,3-2軸,38.0
TOKYO,JERA 富津火力3号系列4号系列,富津火力発電所３号系列３軸,富津３ー３軸,ACC,3-3軸,38.0
TOKYO,JERA 富津火力3号系列4号系列,富津火力発電所３号系列４軸,富津３ー４軸,ACC,3-4軸,38.0
TOKYO,JERA 富津火力3号系列4号系列,富津火力発電所４号系列１軸,富津４ー１軸,MACC,4-1軸,50.7
TOKYO,JERA 富津火力3号系列4号系列,富津火力発電所４号系列２軸,富津４ー２軸,MACC,4-2軸,50.7
TOKYO,JERA 富津火力3号系列4号系列,富津火力発電所４号系列３軸,富津４ー３軸,MACC,4-3軸,50.7
TOKYO,JERA 千葉火力1号系列2号系列,千葉火力発電所１号系列１軸,千葉１ー１軸,ACC,1-1軸,36.0
TOKYO,JERA 千葉火力1号系列2号系列,千葉火力発電所１号系列２軸,千葉１ー２軸,ACC,1-2軸,36.0
TOKYO,JERA 千葉火力1号系列2号系列,千葉火力発電所１号系列３軸,千葉１ー３軸,ACC,1-3軸,36.0
TOKYO,JERA 千葉火力1号系列2号系列,千葉火力発電所１号系列４軸,千葉１ー４軸,ACC,1-4軸,36.0
TOKYO,JERA 千葉火力1号系列2号系列,千葉火力発電所２号系列１軸,千葉２ー１軸,ACC,2-1軸,36.0
TOKYO,JERA 千葉火力1号系列2号系列,千葉火力発電所２号系列２軸,千葉２ー２軸,ACC,2-2軸,36.0
TOKYO,JERA 千葉火力1号系列2号系列,千葉火力発電所２号系列３軸,千葉２ー３軸,ACC,2-3軸,36.0
TOKYO,JERA 千葉火力1号系列2号系列,千葉火力発電所２号系列４軸,千葉２ー４軸,ACC,2-4軸,36.0
TOKYO,JERA 千葉火力3号系列,千葉火力発電所３号系列１軸,千葉３ー１軸,MACC,3-1軸,50.0
TOKYO,JERA 千葉火力3号系列,千葉火力発電所３号系列２軸,千葉３ー２軸,MACC,3-2軸,50.0
TOKYO,JERA 千葉火力3号系列,千葉火力発電所３号系列３軸,千葉３ー３軸,MACC,3-3軸,50.0
TOKYO,JERA 横浜火力,横浜火力発電所7号系列２軸,横浜７ー２軸,ACC,7-2軸,37.7
TOKYO,JERA 横浜火力,横浜火力発電所7号系列３軸,横浜７ー３軸,ACC,7-3軸,37.7
TOKYO,JERA 横浜火力,横浜火力発電所7号系列４軸,横浜７ー４軸,ACC,7-4軸,37.7
TOKYO,JERA 横浜火力,横浜火力発電所７号系列１軸,横浜７ー１軸,ACC,7-1軸,37.7
TOKYO,JERA 横浜火力,横浜火力発電所８号系列１軸,横浜８ー１軸,ACC,8-1軸,37.7
TOKYO,JERA 横浜火力,横浜火力発電所８号系列２軸,横浜８ー２軸,ACC,8-2軸,37.7
TOKYO,JERA 横浜火力,横浜火力発電所８号系列３軸,横浜８ー３軸,ACC,8-3軸,37.7
TOKYO,JERA 横浜火力,横浜火力発電所８号系列４軸,横浜８ー４軸,ACC,8-4軸,37.7
TOKYO,JERA 上越火力,上越火力発電所,１-１号機,ACC,1-1号機,59.5
TOKYO,JERA 上越火力,上越火力発電所,１-２号機,ACC,1-2号機,59.5
TOKYO,JERA 上越火力,上越火力発電所,２-１号機,ACC,2-1号機,59.5
TOKYO,JERA 上越火力,上越火力発電所,２-２号機,ACC,2-2号機,59.5
TOKYO,JERA 鹿島火力,鹿島火力発電所７号系列１軸,鹿島７ー１軸,ACC,7-1軸,42.0
TOKYO,JERA 鹿島火力,鹿島火力発電所７号系列２軸,鹿島７ー２軸,ACC,7-2軸,42.0
TOKYO,JERA 鹿島火力,鹿島火力発電所７号系列３軸,鹿島７ー３軸,ACC,7-3軸,42.0
TOKYO,(株)コベルコパワー真岡 真岡,真岡発電所,1号機,MACC,1号機,62.41
TOKYO,(株)コベルコパワー真岡 真岡,真岡発電所,2号機,MACC,2号機,62.41
TOKYO,(株)扇島パワー 扇島パワー,扇島パワー,1,ACC,1号機,40.71
TOKYO,(株)扇島パワー 扇島パワー,扇島パワー,2,ACC,2号機,40.71
TOKYO,(株)扇島パワー 扇島パワー,扇島パワー,3,ACC,3号機,40.71
TOKYO,JERA 品川火力,品川火力発電所１号系列１軸,品川１ー１軸,ACC,1-1軸,38.0
TOKYO,JERA 品川火力,品川火力発電所１号系列２軸,品川１ー２軸,ACC,1-2軸,38.0
TOKYO,JERA 品川火力,品川火力発電所１号系列３軸,品川１ー３軸,ACC,1-3軸,38.0
TOKYO,川崎天然ガス発電(株) 川崎天然ガス,川崎天然ガス発電所,川天1号機,ACC,1号機,41.3
TOKYO,川崎天然ガス発電(株) 川崎天然ガス,川崎天然ガス発電所,川天2号機,ACC,2号機,41.3
TOKYO,JFEスチール JFE千葉IPP,ＪＦＥスチール株式会社川鉄千葉クリーンパワーステーション,ＪＦＥ千葉ＩＰＰ,CC,,46.61
TOKYO,JERA 袖ケ浦火力,袖ケ浦火力発電所１号機,袖ケ浦１号,LNG,1号機,60.0
TOKYO,JERA 袖ケ浦火力,袖ケ浦火力発電所２号機,袖ケ浦２号,LNG,2号機,100.0
TOKYO,JERA 袖ケ浦火力,袖ケ浦火力発電所３号機,袖ケ浦３号,LNG,3号機,100.0
TOKYO,JERA 袖ケ浦火力,袖ケ浦火力発電所４号機,袖ケ浦４号,LNG,4号機,100.0
TOKYO,JERA 東扇島火力,東扇島火力発電所１号機,東扇島１号,LNG,１号機,100.0
TOKYO,JERA 東扇島火力,東扇島火力発電所２号機,東扇島２号,LNG,２号機,100.0
TOKYO,JERA 南横浜火力,南横浜火力発電所１号機,南横浜１号,LNG,1号機,35.0
TOKYO,JERA 南横浜火力,南横浜火力発電所２号機,南横浜２号,LNG,2号機,35.0
TOKYO,JERA 南横浜火力,南横浜火力発電所３号機,南横浜３号,LNG,3号機,35.0
TOKYO,鹿島共同火力(株) 鹿島共同,鹿島共同発電所,３号機,LNG,3号機,35.0
TOKYO,鹿島共同火力(株) 鹿島共同,鹿島共同発電所,４号機,OIL,4号機,35.0
TOKYO,鹿島共同火力(株) 鹿島共同,鹿島共同発電所,５号機,ACC,5号機,35.0
TOKYO,JERA 常陸那珂火力,常陸那珂火力発電所１号機,常陸那珂１号,USC,1号機,100.0
TOKYO,JERA 常陸那珂火力,常陸那珂火力発電所２号機,常陸那珂２号,USC,2号機,100.0
TOKYO,JERA 常陸那珂共同火力,常陸那珂共同火力発電所1号機,常陸那珂共同火力１号,USC,1号機,65.0
TOKYO,JERA 広野火力,広野火力発電所２号機,広野２号,OIL,2号機,60.0
TOKYO,JERA 広野火力,広野火力発電所５号機,広野５号,USC,5号機,60.0
TOKYO,JERA 広野火力,広野火力発電所６号機,広野６号,USC,6号機,60.0
TOKYO,JERA 横須賀火力,横須賀火力発電所1号機,横須賀1号,USC,1号機,65.0
TOKYO,JERA 横須賀火力,横須賀火力発電所2号機,横須賀2号,USC,2号機,65.0
TOKYO,電源開発 磯子火力,電源開発磯子火力発電所新１号機,1号機,USC,1号機,60.0
TOKYO,電源開発 磯子火力,電源開発磯子火力発電所新２号機,2号機,USC,2号機,60.0
TOKYO,鹿島パワー(株) 鹿島火力,鹿島火力発電所,2号機,USC,2号機,64.5
TOKYO,ENEOS 根岸ガス化複合,根岸 ガス化複合発電所,単独,OIL,,43.145
TOKYO,日本製鉄 鹿島火力,日本製鉄 鹿島火力発電所,ＮＳ鹿島,SC,,47.5
TOKYO,(株)エフビット横須賀パワー 横須賀パワーステーション,株式会社エフビット横須賀パワー　横須賀パワーステーション,単独,CC,,23.97
TOKYO,(株)中袖クリーンパワー 中袖クリーンパワー,中袖クリーンパワー発電所,コンバインド,CC,,10.739
TOKYO,(株)新中袖発電所 新中袖,新中袖発電所,単独,CC,,11.24
TOKYO,日立造船(株) 茨城工場第一,日立造船株式会社茨城工場第一発電所,2号機,CC,2号機,11.358
TOKYO,日立造船(株) 茨城工場第一,日立造船株式会社茨城工場第一発電所,3号機,CC,3号機,11.23
TOKYO,ゼロワットパワー(株) 市原,ゼロワットパワー株式会社　市原発電所,単独,CC,,10.55
TOKYO,ENEOS 鹿島,鹿島発電所,単独,OTHER,,12.5
TOKYO,かみすパワー(株) 神栖火力,神栖火力発電所,単独,SUB_C,,11.2
TOKYO,鈴川エネルギーセンター(株) 鈴川エネルギーセンター,鈴川エネルギーセンター発電所,単独,SUB_C,,11.2
TOKYO,東京電力RP 新高瀬川,新高瀬川発電所,1号機,HYBRID_PUMPED,1号機,32.0
TOKYO,東京電力RP 新高瀬川,新高瀬川発電所,2号機,HYBRID_PUMPED,2号機,32.0
TOKYO,東京電力RP 新高瀬川,新高瀬川発電所,3号機,HYBRID_PUMPED,3号機,32.0
TOKYO,東京電力RP 新高瀬川,新高瀬川発電所,4号機,HYBRID_PUMPED,4号機,32.0
TOKYO,東京電力RP 玉原,玉原発電所,1号機,PUMPED,1号機,30.0
TOKYO,東京電力RP 玉原,玉原発電所,2号機,PUMPED,2号機,30.0
TOKYO,東京電力RP 玉原,玉原発電所,3号機,PUMPED,3号機,30.0
TOKYO,東京電力RP 玉原,玉原発電所,4号機,PUMPED,4号機,30.0
TOKYO,東京電力RP 葛野川,葛野川発電所,1号機,PUMPED,1号機,40.0
TOKYO,東京電力RP 葛野川,葛野川発電所,2号機,PUMPED,2号機,40.0
TOKYO,東京電力RP 葛野川,葛野川発電所,4号機,PUMPED,4号機,40.0
TOKYO,東京電力RP 今市,今市発電所,1号機,PUMPED,1号機,35.0
TOKYO,東京電力RP 今市,今市発電所,2号機,PUMPED,2号機,35.0
TOKYO,東京電力RP 今市,今市発電所,3号機,PUMPED,3号機,35.0
TOKYO,東京電力RP 神流川,神流川発電所,1号機,PUMPED,1号機,47.0
TOKYO,東京電力RP 神流川,神流川発電所,2号機,PUMPED,2号機,47.0
TOKYO,東京電力RP 塩原,塩原発電所,1号機,PUMPED,1号機,30.0
TOKYO,東京電力RP 塩原,塩原発電所,2号機,PUMPED,2号機,30.0
TOKYO,東京電力RP 塩原,塩原発電所,3号機,PUMPED,3号機,30.0
TOKYO,東京電力RP 安曇,安曇発電所,1号機,HYBRID_PUMPED,1号機,10.5
TOKYO,東京電力RP 安曇,安曇発電所,2号機,HYBRID_PUMPED,2号機,10.55
TOKYO,東京電力RP 安曇,安曇発電所,3号機,HYBRID_PUMPED,3号機,10.3
TOKYO,東京電力RP 安曇,安曇発電所,4号機,HYBRID_PUMPED,4号機,10.3
TOKYO,東京電力RP 安曇,安曇発電所,5号機,HYBRID_PUMPED,5号機,10.3
TOKYO,東京電力RP 安曇,安曇発電所,6号機,HYBRID_PUMPED,6号機,10.3
TOKYO,電源開発 沼原,電源開発沼原発電所,1号機,PUMPED,1号機,22.5
TOKYO,電源開発 沼原,電源開発沼原発電所,2号機,PUMPED,2号機,22.5
TOKYO,電源開発 沼原,電源開発沼原発電所,3号機,PUMPED,3号機,22.5
CHUBU,中部電力 浜岡原子力,浜岡原子力発電所,３号機,NUCLEAR,3号機,110.0
CHUBU,中部電力 浜岡原子力,浜岡原子力発電所,４号機,NUCLEAR,4号機,113.7
CHUBU,中部電力 浜岡原子力,浜岡原子力発電所,５号機,NUCLEAR,5号機,138.0
CHUBU,JERA 西名古屋火力,西名古屋火力発電所,７-１号機,MACC2,7-1号機,118.82
CHUBU,JERA 西名古屋火力,西名古屋火力発電所,７-２号機,MACC2,7-2号機,118.82
CHUBU,JERA 新名古屋火力7号系列,新名古屋火力発電所,７-１号機,ACC,7-1号機,24.3
CHUBU,JERA 新名古屋火力7号系列,新名古屋火力発電所,７-２号機,ACC,7-2号機,24.3
CHUBU,JERA 新名古屋火力7号系列,新名古屋火力発電所,７-３号機,ACC,7-3号機,24.3
CHUBU,JERA 新名古屋火力7号系列,新名古屋火力発電所,７-４号機,ACC,7-4号機,24.3
CHUBU,JERA 新名古屋火力7号系列,新名古屋火力発電所,７-５号機,ACC,7-5号機,24.3
CHUBU,JERA 新名古屋火力7号系列,新名古屋火力発電所,７-６号機,ACC,7-6号機,24.3
CHUBU,JERA 新名古屋火力8号系列,新名古屋火力発電所,８-１号機,MACC,8-1号機,40.0
CHUBU,JERA 新名古屋火力8号系列,新名古屋火力発電所,８-２号機,MACC,8-2号機,40.0
CHUBU,JERA 新名古屋火力8号系列,新名古屋火力発電所,８-３号機,MACC,8-3号機,40.0
CHUBU,JERA 新名古屋火力8号系列,新名古屋火力発電所,８-４号機,MACC,8-4号機,40.0
CHUBU,JERA 川越火力1号機2号機,川越火力発電所,１号機,LNG,1号機,70.0
CHUBU,JERA 川越火力1号機2号機,川越火力発電所,２号機,LNG,2号機,70.0
CHUBU,JERA 川越火力3号系列,川越火力発電所,３-１号機,ACC,3-1号機,24.3
CHUBU,JERA 川越火力3号系列,川越火力発電所,３-２号機,ACC,3-2号機,24.3
CHUBU,JERA 川越火力3号系列,川越火力発電所,３-３号機,ACC,3-3号機,24.3
CHUBU,JERA 川越火力3号系列,川越火力発電所,３-４号機,ACC,3-4号機,24.3
CHUBU,JERA 川越火力3号系列,川越火力発電所,３-５号機,ACC,3-5号機,24.3
CHUBU,JERA 川越火力3号系列,川越火力発電所,３-６号機,ACC,3-6号機,24.3
CHUBU,JERA 川越火力3号系列,川越火力発電所,３-７号機,ACC,3-7号機,24.3
CHUBU,JERA 川越火力4号系列,川越火力発電所,４-１号機,ACC,4-1号機,24.3
CHUBU,JERA 川越火力4号系列,川越火力発電所,４-２号機,ACC,4-2号機,24.3
CHUBU,JERA 川越火力4号系列,川越火力発電所,４-３号機,ACC,4-3号機,24.3
CHUBU,JERA 川越火力4号系列,川越火力発電所,４-４号機,ACC,4-4号機,24.3
CHUBU,JERA 川越火力4号系列,川越火力発電所,４-５号機,ACC,4-5号機,24.3
CHUBU,JERA 川越火力4号系列,川越火力発電所,４-６号機,ACC,4-6号機,24.3
CHUBU,JERA 川越火力4号系列,川越火力発電所,４-７号機,ACC,4-7号機,24.3
CHUBU,JERA 知多火力,知多火力発電所,５号機,ACC,5号機,70.0
CHUBU,JERA 知多火力,知多火力発電所,６号機,ACC,6号機,85.4
CHUBU,JERA 知多第二火力,知多第二火力発電所,１号機,ACC,1号機,85.4
CHUBU,JERA 知多第二火力,知多第二火力発電所,２号機,ACC,2号機,85.4
CHUBU,JERA 四日市火力,四日市火力発電所,４-１号機,CC,4-1号機,11.7
CHUBU,JERA 四日市火力,四日市火力発電所,４-２号機,CC,4-2号機,11.7
CHUBU,JERA 四日市火力,四日市火力発電所,４-３号機,CC,4-3号機,11.7
CHUBU,JERA 四日市火力,四日市火力発電所,４-４号機,CC,4-4号機,11.7
CHUBU,JERA 四日市火力,四日市火力発電所,４-５号機,CC,4-5号機,11.7
CHUBU,JERA 碧南火力,碧南火力発電所,１号機,SC,1号機,70.0
CHUBU,JERA 碧南火力,碧南火力発電所,２号機,SC,2号機,70.0
CHUBU,JERA 碧南火力,碧南火力発電所,３号機,USC,3号機,70.0
CHUBU,JERA 碧南火力,碧南火力発電所,４号機,USC,4号機,100.0
CHUBU,JERA 碧南火力,碧南火力発電所,５号機,USC,5号機,100.0
CHUBU,JERA 武豊火力,武豊火力発電所,５号機,USC,5号機,107.0
CHUBU,JERA 渥美火力,渥美火力発電所,３号機,OIL,3号機,70.0
CHUBU,JERA 渥美火力,渥美火力発電所,４号機,OIL,4号機,70.0
CHUBU,中山名古屋共同発電(株) 名古屋,名古屋発電所,1号機,SUB_C,名古屋,14.9
CHUBU,中山名古屋共同発電(株) 名古屋,名古屋第二発電所,1号機,SUB_C,名古屋第二,11.0
CHUBU,コスモ石油 四日市霞,四日市霞発電所,単独,OTHER,,23.0
CHUBU,出光興産 出光愛知第3,出光愛知第3発電所,単独,OIL,,22.557
CHUBU,明海発電(株) 豊橋,豊橋発電所,単独,SUB_C,,14.7
CHUBU,中部電力 徳山,徳山発電所,１号機,HYDRO,1号機,13.9
CHUBU,関西電力 木曽,木曽発電所,単独,HYDRO,,11.6
CHUBU,電源開発 御母衣,電源開発御母衣発電所,1号機,HYDRO,1号機,10.75
CHUBU,電源開発 御母衣,電源開発御母衣発電所,2号機,HYDRO,2号機,10.75
CHUBU,中部電力 奥美濃,奥美濃発電所,１号機,PUMPED,1号機,25.0
CHUBU,中部電力 奥美濃,奥美濃発電所,２号機,PUMPED,2号機,25.0
CHUBU,中部電力 奥美濃,奥美濃発電所,３号機,PUMPED,3号機,25.0
CHUBU,中部電力 奥美濃,奥美濃発電所,４号機,PUMPED,4号機,25.0
CHUBU,中部電力 奥美濃,奥美濃発電所,５号機,PUMPED,5号機,25.0
CHUBU,中部電力 奥美濃,奥美濃発電所,６号機,PUMPED,6号機,25.0
CHUBU,中部電力 奥矢作,奥矢作発電所,第一発電所,PUMPED,第一,32.3
CHUBU,中部電力 奥矢作,奥矢作発電所,第二発電所,PUMPED,第二,78.0
CHUBU,電源開発 新豊根,電源開発新豊根発電所（中部）,1号機,HYBRID_PUMPED,1号機,22.5
CHUBU,電源開発 新豊根,電源開発新豊根発電所（中部）,2号機,HYBRID_PUMPED,2号機,22.5
CHUBU,電源開発 新豊根,電源開発新豊根発電所（中部）,3号機,HYBRID_PUMPED,3号機,22.5
CHUBU,電源開発 新豊根,電源開発新豊根発電所（中部）,4号機,HYBRID_PUMPED,4号機,22.5
CHUBU,電源開発 新豊根,電源開発新豊根発電所（中部）,5号機,HYBRID_PUMPED,5号機,22.5
CHUBU,中部電力 馬瀬川第一,馬瀬川第一発電所,１号機,HYBRID_PUMPED,1号機,14.4
CHUBU,中部電力 馬瀬川第一,馬瀬川第一発電所,２号機,HYBRID_PUMPED,2号機,14.4
HOKURIKU,北陸電力 志賀原子力,北陸電力 志賀原子力発電所,1号機,NUCLEAR,1号機,54.0
HOKURIKU,北陸電力 志賀原子力,北陸電力 志賀原子力発電所,2号機,NUCLEAR,2号機,120.6
HOKURIKU,北陸電力 富山新港火力,北陸電力 富山新港火力発電所,石炭1号機,SUB_C,石炭1号機,25.0
HOKURIKU,北陸電力 富山新港火力,北陸電力 富山新港火力発電所,石炭2号機,SUB_C,石炭2号機,25.0
HOKURIKU,北陸電力 富山新港火力,北陸電力 富山新港火力発電所,1号機,OIL,1号機,24.0
HOKURIKU,北陸電力 富山新港火力,北陸電力 富山新港火力発電所,2号機,LNG,2号機,50.0
HOKURIKU,北陸電力 富山新港火力,北陸電力 富山新港火力発電所,LNG1号機,MACC,LNG1号機,42.47
HOKURIKU,北陸電力 七尾大田火力,北陸電力 七尾大田火力発電所,1号機,USC,1号機,50.0
HOKURIKU,北陸電力 七尾大田火力,北陸電力 七尾大田火力発電所,2号機,USC,2号機,70.0
HOKURIKU,北陸電力 敦賀火力,北陸電力 敦賀火力発電所,1号機,SC,1号機,50.0
HOKURIKU,北陸電力 敦賀火力,北陸電力 敦賀火力発電所,2号機,USC,2号機,70.0
HOKURIKU,北陸電力 富山火力,北陸電力 富山火力発電所,4号機,OIL,4号機,25.0
HOKURIKU,北陸電力 福井火力,北陸電力 福井火力発電所,三国1号機,OIL,三国1号機,25.0
HOKURIKU,北陸電力 有峰,北陸電力 有峰第一発電所,単独,HYDRO,第一,26.5
HOKURIKU,北陸電力 有峰,北陸電力 有峰第二発電所,単独,HYDRO,第二,12.3
HOKURIKU,電源開発 手取川第一,電源開発 手取川第一,,HYDRO,,25.0
HOKURIKU,関西電力 下小鳥,下小鳥発電所,単独,HYDRO,,14.2
HOKURIKU,関西電力 音沢,音沢発電所,単独,HYDRO,,12.4
HOKURIKU,電源開発 長野,電源開発 長野発電所（北陸）,1号機,HYBRID_PUMPED,1号機,11.0
HOKURIKU,電源開発 長野,電源開発長野発電所（北陸）,2号機,HYBRID_PUMPED,2号機,11.0
KANSAI,関西電力 高浜,高浜発電所,１号機,NUCLEAR,1号機,82.6
KANSAI,関西電力 高浜,高浜発電所,２号機,NUCLEAR,2号機,82.6
KANSAI,関西電力 高浜,高浜発電所,３号機,NUCLEAR,3号機,82.7
KANSAI,関西電力 高浜,高浜発電所,４号機,NUCLEAR,4号機,82.6
KANSAI,関西電力 大飯,大飯発電所,３号機,NUCLEAR,3号機,118.0
KANSAI,関西電力 大飯,大飯発電所,４号機,NUCLEAR,4号機,119.0
KANSAI,関西電力 美浜,美浜発電所,３号機,NUCLEAR,3号機,82.6
KANSAI,日本原子力発電 敦賀,敦賀発電所2号機,単独,NUCLEAR,2号機,116.0
KANSAI,関西電力 姫路第二,姫路第二発電所,１号機,MACC2,1号機,48.65
KANSAI,関西電力 姫路第二,姫路第二発電所,２号機,MACC2,2号機,48.65
KANSAI,関西電力 姫路第二,姫路第二発電所,３号機,MACC2,3号機,48.65
KANSAI,関西電力 姫路第二,姫路第二発電所,４号機,MACC2,4号機,48.65
KANSAI,関西電力 姫路第二,姫路第二発電所,５号機,MACC2,5号機,48.65
KANSAI,関西電力 姫路第二,姫路第二発電所,６号機,MACC2,6号機,48.65
KANSAI,関西電力 堺港,堺港発電所,１号機,MACC,1号機,40.0
KANSAI,関西電力 堺港,堺港発電所,２号機,MACC,2号機,40.0
KANSAI,関西電力 堺港,堺港発電所,３号機,MACC,3号機,40.0
KANSAI,関西電力 堺港,堺港発電所,４号機,MACC,4号機,40.0
KANSAI,関西電力 堺港,堺港発電所,５号機,MACC,5号機,40.0
KANSAI,関西電力 姫路第一,姫路第一発電所,５号機,ACC,5号機,72.9
KANSAI,関西電力 姫路第一,姫路第一発電所,６号機,ACC,6号機,71.3
KANSAI,泉北天然ガス発電(株) 泉北天然ガス,泉北天然ガス第二発電所,１号機,ACC,1号機,27.7
KANSAI,泉北天然ガス発電(株) 泉北天然ガス,泉北天然ガス第二発電所,２号機,ACC,2号機,27.7
KANSAI,泉北天然ガス発電(株) 泉北天然ガス,泉北天然ガス第一発電所,３号機,ACC,3号機,27.75
KANSAI,泉北天然ガス発電(株) 泉北天然ガス,泉北天然ガス第一発電所,４号機,ACC,4号機,27.75
KANSAI,(株)コベルコパワー神戸 神戸,神戸発電所,１号機,SC,1号機,70.0
KANSAI,(株)コベルコパワー神戸 神戸,神戸発電所,２号機,SC,2号機,70.0
KANSAI,(株)コベルコパワー神戸 神戸,神戸発電所,3号機,USC,3号機,65.0
KANSAI,(株)コベルコパワー神戸 神戸,神戸発電所,4号機,USC,4号機,65.0
KANSAI,関西電力 舞鶴,舞鶴発電所,１号機,USC,1号機,90.0
KANSAI,関西電力 舞鶴,舞鶴発電所,２号機,USC,2号機,90.0
KANSAI,関西電力 南港,南港発電所,１号機,LNG,1号機,60.0
KANSAI,関西電力 南港,南港発電所,２号機,LNG,2号機,60.0
KANSAI,関西電力 南港,南港発電所,３号機,LNG,3号機,60.0
KANSAI,電源開発 高砂火力,電源開発高砂火力発電所,1号機,SUB_C,1号機,25.0
KANSAI,電源開発 高砂火力,電源開発高砂火力発電所,2号機,SUB_C,2号機,25.0
KANSAI,関西電力 御坊,御坊発電所,１号機,OIL,1号機,60.0
KANSAI,関西電力 御坊,御坊発電所,２号機,OIL,2号機,60.0
KANSAI,関西電力 御坊,御坊発電所,３号機,OIL,3号機,60.0
KANSAI,関西電力 赤穂,赤穂発電所,１号機,OIL,1号機,60.0
KANSAI,関西電力 赤穂,赤穂発電所,２号機,OIL,2号機,60.0
KANSAI,相生バイオエナジー(株) 相生バイオマス,相生バイオマス発電所,単独,OTHER,,30.0
KANSAI,中山名古屋共同発電(株) 船町,船町発電所,第１号発電設備,CC,1号機,14.9
KANSAI,Daigasガスアンドパワーソリューション(株) 酉島エネルギーセンター,酉島エネルギーセンター発電所,酉島エネルギーセンター発電所,ACC,,14.0
KANSAI,日本製鉄 広畑,日本製鉄(株) 広畑発電所 第7号発電設備,広畑7号,SUB_C,,13.3
KANSAI,関西電力 奥多々良木,奥多々良木発電所,１号機,PUMPED,1号機,30.3
KANSAI,関西電力 奥多々良木,奥多々良木発電所,２号機,PUMPED,2号機,30.3
KANSAI,関西電力 奥多々良木,奥多々良木発電所,３号機,PUMPED,3号機,30.3
KANSAI,関西電力 奥多々良木,奥多々良木発電所,４号機,PUMPED,4号機,30.3
KANSAI,関西電力 奥多々良木,奥多々良木発電所,５号機,PUMPED,5号機,36.0
KANSAI,関西電力 奥多々良木,奥多々良木発電所,６号機,PUMPED,6号機,36.0
KANSAI,関西電力 大河内,大河内発電所,１号機,PUMPED,1号機,32.0
KANSAI,関西電力 大河内,大河内発電所,２号機,PUMPED,2号機,32.0
KANSAI,関西電力 大河内,大河内発電所,３号機,PUMPED,3号機,32.0
KANSAI,関西電力 大河内,大河内発電所,４号機,PUMPED,4号機,32.0
KANSAI,関西電力 奥吉野,奥吉野発電所,１号機,PUMPED,1号機,20.1
KANSAI,関西電力 奥吉野,奥吉野発電所,２号機,PUMPED,2号機,20.1
KANSAI,関西電力 奥吉野,奥吉野発電所,３号機,PUMPED,3号機,20.1
KANSAI,関西電力 奥吉野,奥吉野発電所,４号機,PUMPED,4号機,20.1
KANSAI,関西電力 奥吉野,奥吉野発電所,５号機,PUMPED,5号機,20.1
KANSAI,関西電力 奥吉野,奥吉野発電所,６号機,PUMPED,6号機,20.1
KANSAI,関西電力 喜撰山,喜撰山発電所,１号機,PUMPED,1号機,23.3
KANSAI,関西電力 喜撰山,喜撰山発電所,２号機,PUMPED,2号機,23.3
KANSAI,電源開発 池原,電源開発池原発電所（関西）,3号機,HYBRID_PUMPED,3号機,10.3
KANSAI,電源開発 池原,電源開発池原発電所（関西）,4号機,HYBRID_PUMPED,4号機,10.3
CHUGOKU,中国電力 島根原子力,島根原子力発電所第２号機,単独,NUCLEAR,2号機,82.0
CHUGOKU,中国電力 柳井1号系列,柳井発電所第１号系列下位,１-１号,CC,1-1号,13.1
CHUGOKU,中国電力 柳井1号系列,柳井発電所第１号系列上位,１-２号,CC,1-2号,13.1
CHUGOKU,中国電力 柳井1号系列,柳井発電所第１号系列上位,１-３号,CC,1-3号,13.1
CHUGOKU,中国電力 柳井1号系列,柳井発電所第１号系列上位,１-４号,CC,1-4号,13.1
CHUGOKU,中国電力 柳井1号系列,柳井発電所第１号系列上位,１-５号,CC,1-5号,13.1
CHUGOKU,中国電力 柳井1号系列,柳井発電所第１号系列上位,１-６号,CC,1-6号,13.1
CHUGOKU,中国電力 柳井2号系列,柳井発電所第２号系列,２-１号,ACC,2-1号,19.8
CHUGOKU,中国電力 柳井2号系列,柳井発電所第２号系列,２-２号,ACC,2-2号,19.8
CHUGOKU,中国電力 柳井2号系列,柳井発電所第２号系列,２-３号,ACC,2-3号,19.8
CHUGOKU,中国電力 柳井2号系列,柳井発電所第２号系列,２-４号,ACC,2-4号,19.8
CHUGOKU,中国電力 水島,水島発電所第１号機,１号機,ACC,1号機,28.5
CHUGOKU,中国電力 水島,水島発電所第３号機,３号機,LNG,3号機,34.0
CHUGOKU,中国電力 三隅,三隅発電所第１号機,１号機,USC,1号機,100.0
CHUGOKU,中国電力 三隅,三隅発電所第２号機,２号機,USC,2号機,100.0
CHUGOKU,電源開発 竹原火力,電源開発竹原火力発電所新１号機,1号機,USC,1号機,60.0
CHUGOKU,電源開発 竹原火力,電源開発竹原火力発電所３号機,3号機,SC,3号機,70.0
CHUGOKU,中国電力 玉島,玉島発電所第１号機,１号機,LNG,1号機,35.0
CHUGOKU,中国電力 玉島,玉島発電所第２号機,２号機,OIL,2号機,35.0
CHUGOKU,中国電力 玉島,玉島発電所第３号機,３号機,OIL,3号機,50.0
CHUGOKU,中国電力 新小野田,新小野田発電所第１号機,１号機,SC,1号機,50.0
CHUGOKU,中国電力 新小野田,新小野田発電所第２号機,２号機,SC,2号機,50.0
CHUGOKU,中国電力 大崎,大崎発電所第１号１軸,単独,SUB_C,,25.9
CHUGOKU,UBE(株) 宇部興産,宇部興産発電所,5号機,SUB_C,5号機,14.5
CHUGOKU,UBE(株) 宇部興産,宇部興産発電所,6号,SUB_C,6号機,21.6
CHUGOKU,周南パワー(株) トクヤマ東,トクヤマ東発電所第3号発電所,単独,SUB_C,,30.0
CHUGOKU,ENEOS 麻里布,麻里布 第２発電所,Ｇ６,OTHER,第2G6,14.9
CHUGOKU,ENEOS 水島製油所,水島製油所　B工場,G8,OTHER,B工場G8,11.24
CHUGOKU,水島エネルギーセンター(株) 水島MZ,水島MZ,単独,SUB_C,,11.2
CHUGOKU,エネルギア・パワー山口(株) 防府バイオマス,防府バイオマス発電所,1号機,SUB_C,1号機,11.2
CHUGOKU,海田バイオマスパワー(株) 海田,海田発電所,単独,OTHER,,11.2
CHUGOKU,中国電力 俣野川,俣野川発電所,１号機,PUMPED,1号機,30.0
CHUGOKU,中国電力 俣野川,俣野川発電所,２号機,PUMPED,2号機,30.0
CHUGOKU,中国電力 俣野川,俣野川発電所,３号機,PUMPED,3号機,30.0
CHUGOKU,中国電力 俣野川,俣野川発電所,４号機,PUMPED,4号機,30.0
CHUGOKU,中国電力 南原,南原発電所,１号機,PUMPED,1号機,31.0
CHUGOKU,中国電力 南原,南原発電所,２号機,PUMPED,2号機,31.0
SHIKOKU,四国電力 伊方,四国電力　伊方発電所,３号機,NUCLEAR,3号機,89.0
SHIKOKU,四国電力 坂出,四国電力　坂出発電所,１号機,ACC,1号機,28.9
SHIKOKU,四国電力 坂出,四国電力　坂出発電所,２号機,ACC,2号機,29.6
SHIKOKU,四国電力 坂出,四国電力　坂出発電所,３号機,OIL,3号機,45.0
SHIKOKU,四国電力 坂出,四国電力　坂出発電所,４号機,LNG,4号機,35.0
SHIKOKU,電源開発 橘湾火力,電源開発橘湾火力発電所,1号機,USC,1号機,105.0
SHIKOKU,電源開発 橘湾火力,電源開発橘湾火力発電所,2号機,USC,2号機,105.0
SHIKOKU,四国電力 阿南,四国電力　阿南発電所,３号機,OIL,3号機,45.0
SHIKOKU,四国電力 阿南,四国電力　阿南発電所,４号機,OIL,4号機,45.0
SHIKOKU,四国電力 西条,四国電力　西条発電所,１号機,SUB_C,1号機,50.0
SHIKOKU,四国電力 西条,四国電力　西条発電所,２号機,SUB_C,2号機,25.0
SHIKOKU,四国電力 橘湾,四国電力　橘湾発電所,単独,USC,,70.0
SHIKOKU,住友共同電力(株) 壬生川火力,壬生川火力発電所,１号機,SUB_C,1号機,25.0
SHIKOKU,土佐発電(株) 土佐,土佐発電所,単独,SUB_C,,16.7
SHIKOKU,住友共同電力(株) 新居浜西火力,新居浜西火力発電所,３号機,SUB_C,3号機,15.0
SHIKOKU,四国電力 本川,四国電力　本川発電所,１号機,PUMPED,1号機,31.5
SHIKOKU,四国電力 本川,四国電力　本川発電所,２号機,PUMPED,2号機,30.0
KYUSHU,九州電力 玄海原子力,玄海原子力発電所,３号機,NUCLEAR,3号機,118.0
KYUSHU,九州電力 玄海原子力,玄海原子力発電所,４号機,NUCLEAR,4号機,118.0
KYUSHU,九州電力 川内原子力,川内原子力発電所,１号機,NUCLEAR,1号機,89.0
KYUSHU,九州電力 川内原子力,川内原子力発電所,２号機,NUCLEAR,2号機,89.0
KYUSHU,九州電力 新大分1号系列,新大分発電所,１号系列第１軸,CC,1-1軸,12.0
KYUSHU,九州電力 新大分1号系列,新大分発電所,１号系列第２軸,CC,1-2軸,12.0
KYUSHU,九州電力 新大分1号系列,新大分発電所,１号系列第３軸,CC,1-3軸,12.0
KYUSHU,九州電力 新大分1号系列,新大分発電所,１号系列第４軸,CC,1-4軸,12.0
KYUSHU,九州電力 新大分1号系列,新大分発電所,１号系列第５軸,CC,1-5軸,12.0
KYUSHU,九州電力 新大分1号系列,新大分発電所,１号系列第６軸,CC,1-6軸,12.0
KYUSHU,九州電力 新大分2号系列3号系列,新大分発電所,２号系列第１軸,ACC,2-1軸,23.0
KYUSHU,九州電力 新大分2号系列3号系列,新大分発電所,２号系列第２軸,ACC,2-2軸,23.0
KYUSHU,九州電力 新大分2号系列3号系列,新大分発電所,２号系列第３軸,ACC,2-3軸,23.0
KYUSHU,九州電力 新大分2号系列3号系列,新大分発電所,２号系列第４軸,ACC,2-4軸,23.0
KYUSHU,九州電力 新大分2号系列3号系列,新大分発電所,３号系列第１軸,ACC,3-1軸,24.5
KYUSHU,九州電力 新大分2号系列3号系列,新大分発電所,３号系列第２軸,ACC,3-2軸,24.5
KYUSHU,九州電力 新大分2号系列3号系列,新大分発電所,３号系列第３軸,ACC,3-3軸,24.5
KYUSHU,九州電力 新大分2号系列3号系列,新大分発電所,３号系列第４軸,MACC2,3-4軸,50.0
KYUSHU,九州電力 新小倉,新小倉発電所,３号機,LNG,3号機,60.0
KYUSHU,九州電力 新小倉,新小倉発電所,５号機,LNG,5号機,60.0
KYUSHU,電源開発 松浦火力,電源開発松浦火力発電所,1号機,SC,1号機,100.0
KYUSHU,電源開発 松浦火力,電源開発松浦火力発電所,2号機,USC,2号機,100.0
KYUSHU,電源開発 松島火力,電源開発松島火力発電所,1号機,SC,1号機,50.0
KYUSHU,電源開発 松島火力,電源開発松島火力発電所,2号機,SC,2号機,50.0
KYUSHU,九州電力 松浦,松浦発電所,１号機,SC,1号機,100.0
KYUSHU,九州電力 松浦,松浦発電所,２号機,USC,2号機,70.0
KYUSHU,九州電力 苓北,苓北発電所,１号機,SC,1号機,70.0
KYUSHU,九州電力 苓北,苓北発電所,２号機,USC,2号機,70.0
KYUSHU,九州電力 豊前,豊前発電所,２号機,OIL,2号機,50.0
KYUSHU,九州電力 苅田,苅田発電所,新１号機,USC,新1号機,36.0
KYUSHU,日本製鉄 大分製鐵,日本製鉄（株） 大分製鐵発電所 第9号発電設備,大分製鐵9号,SUB_C,,33.0
KYUSHU,(株)三池火力発電所 三池,三池発電所,1,SUB_C,,17.5
KYUSHU,ENEOS 大分,大分 第２発電所,単独,OTHER,,14.94
KYUSHU,響灘エネルギーパーク合同会社 ひびき灘石炭・バイオマス,ひびき灘石炭・バイオマス発電所,単独,SUB_C,,11.2
KYUSHU,(株)響灘火力発電所 響灘火力,響灘火力発電所,1号機,SUB_C,1号機,11.2
KYUSHU,九州電力 小丸川,小丸川発電所,１号機,PUMPED,1号機,30.0
KYUSHU,九州電力 小丸川,小丸川発電所,２号機,PUMPED,2号機,30.0
KYUSHU,九州電力 小丸川,小丸川発電所,３号機,PUMPED,3号機,30.0
KYUSHU,九州電力 小丸川,小丸川発電所,４号機,PUMPED,4号機,30.0
KYUSHU,九州電力 天山,天山発電所,１号機,PUMPED,1号機,30.0
KYUSHU,九州電力 天山,天山発電所,２号機,PUMPED,2号機,30.0
KYUSHU,九州電力 大平,大平発電所,１号機,PUMPED,1号機,25.0
KYUSHU,九州電力 大平,大平発電所,２号機,PUMPED,2号機,25.0
OKINAWA,沖縄電力 吉の浦,吉の浦1号,1号機,ACC,1号機,25.1
OKINAWA,沖縄電力 吉の浦,吉の浦2号,2号機,ACC,2号機,25.1
OKINAWA,沖縄電力 金武,金武1号,1号機,SUB_C,1号機,22.0
OKINAWA,沖縄電力 金武,金武2号,2号機,SUB_C,2号機,22.0
OKINAWA,沖縄電力 具志川,具志川1号,1号機,SUB_C,1号機,15.6
OKINAWA,沖縄電力 具志川,具志川2号,2号機,SUB_C,2号機,15.6
OKINAWA,電源開発 石川石炭火力,石川石炭火力発電所１号機,1号機,SUB_C,1号機,15.6
OKINAWA,電源開発 石川石炭火力,石川石炭火力発電所２号機,2号機,SUB_C,2号機,15.6
OKINAWA,沖縄電力 石川,石川1号,1号機,OIL,1号機,12.5
OKINAWA,沖縄電力 石川,石川2号,2号機,OIL,2号機,12.5
OKINAWA,沖縄電力 石川,石川GT1号,GT1号機,OIL,GT1号機,10.3
OKINAWA,沖縄電力 牧港,牧港9号,9号機,OIL,9号機,12.5
OKINAWA,沖縄電力 牧港,牧港GT2号,GT2号機,OIL,GT2号機,10.3
